{
  "id": "a4",
  "name": "XC",
  "fullName": "Xarxes de Computadors",
  "evaluation": {
    "Teoria": {
      "T1": 0.3,
      "T2": 0.3,
      "T3": 0.15,
      "T4S": 0.15
    },
    "Lab": {
      "s1": 0.00892857142,
      "s2": 0.00892857142,
      "s3": 0.00892857142,
      "s4": 0.00892857142,
      "s5": 0.00892857142,
      "s6": 0.00892857142,
      "s7": 0.00892857142,
      "ExL": 0.1875
    },
    "Extra": {
      "E": 0.1
    }
  },
  "color": 5,
  "uni": "UPC",
  "faculty": "FIB"
}