{
  "id": "a8",
  "name": "PE",
  "fullName": "Probabilitat i Estadística",
  "evaluation": {
    "Examen 1": {
      "B1": 0.11764705882,
      "B2": 0.1294117647,
      "B3": 0.14117647058
    },
    "Examen 2": {
      "B4": 0.15294117647,
      "B5": 0.16470588235,
      "B6": 0.17647058823
    },
    "Treball": {
      "B7": 0.11764705882
    }
  },
  "color": 7,
  "uni": "UPC",
  "faculty": "FIB",
  "finalMark": 0,
  "necesaryMark": 5,
  "grades": {}
}
